14,SID014,Aanya Sharma,aanya.sharma@email.com,+91 98765 12340,Test@123,1,1/17/2025 19:50,1/17/2025 19:51
15,SID015,Rohan Mehta,rohan.m@email.com,+91 98765 12341,Test@123,1,1/18/2025 19:50,1/18/2025 19:51
16,SID016,Sneha Kapoor,sneha.kapoor@email.com,+91 98765 12342,Test@123,1,1/19/2025 19:50,1/19/2025 19:51
17,SID017,Aarav Verma,aarav.verma@email.com,+91 98765 12343,Test@123,1,1/20/2025 19:50,1/20/2025 19:51
18,SID018,Isha Nair,isha.nair@email.com,+91 98765 12344,Test@123,1,1/21/2025 19:50,1/21/2025 19:51
19,SID019,Kabir Malhotra,kabir.malhotra@email.com,+91 98765 12345,Test@123,1,1/22/2025 19:50,1/22/2025 19:51
20,SID020,Nidhi Reddy,nidhi.reddy@email.com,+91 98765 12346,Test@123,1,1/23/2025 19:50,1/23/2025 19:51
21,SID021,Arjun Patel,arjun.patel@email.com,+91 98765 12347,Test@123,1,1/24/2025 19:50,1/24/2025 19:51
22,SID022,Meera Joshi,meera.joshi@email.com,+91 98765 12348,Test@123,1,1/25/2025 19:50,1/25/2025 19:51
23,SID023,Yash Gupta,yash.gupta@email.com,+91 98765 12349,Test@123,1,1/26/2025 19:50,1/26/2025 19:51
24,SID024,Tanya Das,tanya.das@email.com,+91 98765 12350,Test@123,1,1/27/2025 19:50,1/27/2025 19:51
25,SID025,Siddharth Rao,siddharth.rao@email.com,+91 98765 12351,Test@123,1,1/28/2025 19:50,1/28/2025 19:51
26,SID026,Priya Bhatt,priya.bhatt@email.com,+91 98765 12352,Test@123,1,1/29/2025 19:50,1/29/2025 19:51
27,SID027,Aditya Saxena,aditya.saxena@email.com,+91 98765 12353,Test@123,1,1/30/2025 19:50,1/30/2025 19:51
28,SID028,Riya D'Souza,riya.dsouza@email.com,+91 98765 12354,Test@123,1,1/31/2025 19:50,1/31/2025 19:51
29,SID029,Karan Singh,karan.singh@email.com,+91 98765 12355,Test@123,1,2/1/2025 19:50,2/1/2025 19:51
30,SID030,Ananya Desai,ananya.desai@email.com,+91 98765 12356,Test@123,1,2/2/2025 19:50,2/2/2025 19:51
31,SID031,Devansh Khanna,devansh.khanna@email.com,+91 98765 12357,Test@123,1,2/3/2025 19:50,2/3/2025 19:51
32,SID032,Shruti Iyer,shruti.iyer@email.com,+91 98765 12358,Test@123,1,2/4/2025 19:50,2/4/2025 19:51
33,SID033,Mohit Bansal,mohit.bansal@email.com,+91 98765 12359,Test@123,1,2/5/2025 19:50,2/5/2025 19:51
34,SID034,Neha Tripathi,neha.tripathi@email.com,+91 98765 12360,Test@123,1,2/6/2025 19:50,2/6/2025 19:51
35,SID035,Krish Jain,krish.jain@email.com,+91 98765 12361,Test@123,1,2/7/2025 19:50,2/7/2025 19:51
36,SID036,Aditi Menon,aditi.menon@email.com,+91 98765 12362,Test@123,1,2/8/2025 19:50,2/8/2025 19:51
37,SID037,Parth Aggarwal,parth.aggarwal@email.com,+91 98765 12363,Test@123,1,2/9/2025 19:50,2/9/2025 19:51
38,SID038,Simran Kaul,simran.kaul@email.com,+91 98765 12364,Test@123,1,2/10/2025 19:50,2/10/2025 19:51
39,SID039,Tushar Choudhary,tushar.choudhary@email.com,+91 98765 12365,Test@123,1,2/11/2025 19:50,2/11/2025 19:51
40,SID040,Pooja Lamba,pooja.lamba@email.com,+91 98765 12366,Test@123,1,2/12/2025 19:50,2/12/2025 19:51
41,SID041,Vikram Thakur,vikram.thakur@email.com,+91 98765 12367,Test@123,1,2/13/2025 19:50,2/13/2025 19:51
42,SID042,Rachna Goyal,rachna.goyal@email.com,+91 98765 12368,Test@123,1,2/14/2025 19:50,2/14/2025 19:51
43,SID043,Arnav Kulkarni,arnav.kulkarni@email.com,+91 98765 12369,Test@123,1,2/15/2025 19:50,2/15/2025 19:51
